Patient.ID,Group,SWI/SNF.gene.loss,ARID1A.mut.n,ARID1A.mut,ARID1A.mut.type,ARID1A.CNt,ARID1A.CNa,ARID1A.CNb,ARID1A.CNV,ARID1A.loss.status,ARID1B.mut.n,ARID1B.mut,ARID1B.mut.type,ARID1B.CNt,ARID1B.CNa,ARID1B.CNb,ARID1B.CNV,ARID1B.loss.status,ARID2.mut.n,ARID2.mut,ARID2.mut.type,ARID2.CNt,ARID2.CNa,ARID2.CNb,ARID2.CNV,ARID2.loss.status,SMARCA4.mut.n,SMARCA4.mut,SMARCA4.mut.type,SMARCA4.CNt,SMARCA4.CNa,SMARCA4.CNb,SMARCA4.CNV,SMARCA4.loss.status,SMARCA2.mut.n,SMARCA2.mut,SMARCA2.mut.type,SMARCA2.CNt,SMARCA2.CNa,SMARCA2.CNb,SMARCA2.CNV,SMARCA2.loss.status,SMARCB1.mut.n,SMARCB1.mut,SMARCB1.mut.type,SMARCB1.CNt,SMARCB1.CNa,SMARCB1.CNb,SMARCB1.CNV,SMARCB1.loss.status,SMARCC1.mut.n,SMARCC1.mut,SMARCC1.mut.type,SMARCC1.CNt,SMARCC1.CNa,SMARCC1.CNb,SMARCC1.CNV,SMARCC1.loss.status,SMARCC2.mut.n,SMARCC2.mut,SMARCC2.mut.type,SMARCC2.CNt,SMARCC2.CNa,SMARCC2.CNb,SMARCC2.CNV,SMARCC2.loss.status,SMARCD1.mut.n,SMARCD1.mut,SMARCD1.mut.type,SMARCD1.CNt,SMARCD1.CNa,SMARCD1.CNb,SMARCD1.CNV,SMARCD1.loss.status,SMARCD2.mut.n,SMARCD2.mut,SMARCD2.mut.type,SMARCD2.CNt,SMARCD2.CNa,SMARCD2.CNb,SMARCD2.CNV,SMARCD2.loss.status,SMARCD3.mut.n,SMARCD3.mut,SMARCD3.mut.type,SMARCD3.CNt,SMARCD3.CNa,SMARCD3.CNb,SMARCD3.CNV,SMARCD3.loss.status,PBRM1.mut.n,PBRM1.mut,PBRM1.mut.type,PBRM1.CNt,PBRM1.CNa,PBRM1.CNb,PBRM1.CNV,PBRM1.loss.status,ACTL6A.mut.n,ACTL6A.mut,ACTL6A.mut.type,ACTL6A.CNt,ACTL6A.CNa,ACTL6A.CNb,ACTL6A.CNV,ACTL6A.loss.status,ACTL6B.mut.n,ACTL6B.mut,ACTL6B.mut.type,ACTL6B.CNt,ACTL6B.CNa,ACTL6B.CNb,ACTL6B.CNV,ACTL6B.loss.status
DM10,Ultramutated (POLE),Yes,1,p.Q543X,stopgain,2,2,0,LOH,Biallelic loss,0,Wild type,Wild type,2,1,1,Unchanged,Intact,0,Wild type,Wild type,2,1,1,Unchanged,Intact,0,Wild type,Wild type,2,1,1,Unchanged,Intact,0,Wild type,Wild type,2,1,1,Unchanged,Intact,0,Wild type,Wild type,2,1,1,Unchanged,Intact,0,Wild type,Wild type,2,1,1,Unchanged,Intact,0,Wild type,Wild type,2,1,1,Unchanged,Intact,0,Wild type,Wild type,2,1,1,Unchanged,Intact,0,Wild type,Wild type,2,1,1,Unchanged,Intact,0,Wild type,Wild type,2,1,1,Unchanged,Intact,0,Wild type,Wild type,2,1,1,Unchanged,Intact,0,Wild type,Wild type,2,1,1,Unchanged,Intact,0,Wild type,Wild type,2,1,1,Unchanged,Intact
DM22,Ultramutated (POLE),Yes,2,NA;NA,splicing;splicing,2,1,1,Unchanged,Biallelic loss,0,Wild type,Wild type,2,1,1,Unchanged,Intact,0,Wild type,Wild type,2,1,1,Unchanged,Intact,0,Wild type,Wild type,2,1,1,Unchanged,Intact,0,Wild type,Wild type,2,1,1,Unchanged,Intact,0,Wild type,Wild type,2,1,1,Unchanged,Intact,0,Wild type,Wild type,2,1,1,Unchanged,Intact,0,Wild type,Wild type,2,1,1,Unchanged,Intact,0,Wild type,Wild type,2,1,1,Unchanged,Intact,0,Wild type,Wild type,2,1,1,Unchanged,Intact,0,Wild type,Wild type,2,1,1,Unchanged,Intact,0,Wild type,Wild type,2,1,1,Unchanged,Intact,0,Wild type,Wild type,2,1,1,Unchanged,Intact,0,Wild type,Wild type,2,1,1,Unchanged,Intact
DM15,Ultramutated (POLE),Yes,1,p.E1767X,stopgain,2,1,1,Unchanged,Uniallelic loss,0,Wild type,Wild type,2,1,1,Unchanged,Intact,0,Wild type,Wild type,2,1,1,Unchanged,Intact,2,p.T296Hfs*91;p.K585Efs*66,frameshift insertion;frameshift insertion,2,1,1,Unchanged,Biallelic loss,1,p.Y1439X,stopgain,2,1,1,Unchanged,Uniallelic loss,0,Wild type,Wild type,2,1,1,Unchanged,Intact,0,Wild type,Wild type,2,1,1,Unchanged,Intact,0,Wild type,Wild type,2,1,1,Unchanged,Intact,0,Wild type,Wild type,2,1,1,Unchanged,Intact,0,Wild type,Wild type,2,1,1,Unchanged,Intact,0,Wild type,Wild type,2,1,1,Unchanged,Intact,0,Wild type,Wild type,2,1,1,Unchanged,Intact,0,Wild type,Wild type,2,1,1,Unchanged,Intact,0,Wild type,Wild type,2,1,1,Unchanged,Intact
DM33,Ultramutated (POLE),No,0,Wild type,Wild type,2,1,1,Unchanged,Intact,0,Wild type,Wild type,2,1,1,Unchanged,Intact,0,Wild type,Wild type,2,1,1,Unchanged,Intact,0,Wild type,Wild type,2,1,1,Unchanged,Intact,1,p.Y1085X,stopgain,2,1,1,Unchanged,Uniallelic loss,0,Wild type,Wild type,2,1,1,Unchanged,Intact,0,Wild type,Wild type,2,1,1,Unchanged,Intact,1,NA,splicing,2,1,1,Unchanged,Uniallelic loss,0,Wild type,Wild type,2,1,1,Unchanged,Intact,1,NA,splicing,2,1,1,Unchanged,Uniallelic loss,0,Wild type,Wild type,2,1,1,Unchanged,Intact,1,p.R710X,stopgain,2,1,1,Unchanged,Uniallelic loss,0,Wild type,Wild type,2,1,1,Unchanged,Intact,0,Wild type,Wild type,2,1,1,Unchanged,Intact
DM24,Ultramutated (POLD1),Yes,2,p.E38Rfs*73;p.W337X,frameshift insertion;stopgain,2,1,1,Unchanged,Biallelic loss,0,Wild type,Wild type,2,1,1,Unchanged,Intact,0,Wild type,Wild type,2,1,1,Unchanged,Intact,1,p.R1077X,stopgain,2,1,1,Unchanged,Uniallelic loss,0,Wild type,Wild type,2,1,1,Unchanged,Intact,0,Wild type,Wild type,2,1,1,Unchanged,Intact,0,Wild type,Wild type,2,1,1,Unchanged,Intact,0,Wild type,Wild type,2,1,1,Unchanged,Intact,0,Wild type,Wild type,2,1,1,Unchanged,Intact,0,Wild type,Wild type,2,1,1,Unchanged,Intact,0,Wild type,Wild type,2,1,1,Unchanged,Intact,0,Wild type,Wild type,2,1,1,Unchanged,Intact,0,Wild type,Wild type,2,1,1,Unchanged,Intact,0,Wild type,Wild type,2,1,1,Unchanged,Intact
DM32,dMMR,Yes,3,p.A134Rfs*98;p.K1072Nfs*21;p.D1850Tfs*33,frameshift deletion;frameshift deletion;frameshift deletion,2,1,1,Unchanged,Biallelic loss,2,p.G1099Vfs*18;p.K1130Sfs*68,frameshift deletion;frameshift deletion,2,1,1,Unchanged,Biallelic loss,0,Wild type,Wild type,2,1,1,Unchanged,Intact,0,Wild type,Wild type,2,1,1,Unchanged,Intact,0,Wild type,Wild type,2,1,1,Unchanged,Intact,0,Wild type,Wild type,2,1,1,Unchanged,Intact,0,Wild type,Wild type,2,1,1,Unchanged,Intact,0,Wild type,Wild type,2,1,1,Unchanged,Intact,0,Wild type,Wild type,2,1,1,Unchanged,Intact,0,Wild type,Wild type,2,1,1,Unchanged,Intact,0,Wild type,Wild type,2,1,1,Unchanged,Intact,1,p.K991Nfs*23,frameshift deletion,2,1,1,Unchanged,Uniallelic loss,0,Wild type,Wild type,2,1,1,Unchanged,Intact,0,Wild type,Wild type,2,1,1,Unchanged,Intact
DM08,dMMR,Yes,2,p.Q895Kfs*24;p.D1850Tfs*33,frameshift deletion;frameshift deletion,2,1,1,Unchanged,Biallelic loss,2,p.R1089X;p.Q2079X,stopgain;stopgain,2,1,1,Unchanged,Biallelic loss,0,Wild type,Wild type,2,1,1,Unchanged,Intact,0,Wild type,Wild type,2,1,1,Unchanged,Intact,0,Wild type,Wild type,2,1,1,Unchanged,Intact,0,Wild type,Wild type,2,1,1,Unchanged,Intact,0,Wild type,Wild type,2,1,1,Unchanged,Intact,0,Wild type,Wild type,2,1,1,Unchanged,Intact,0,Wild type,Wild type,2,1,1,Unchanged,Intact,0,Wild type,Wild type,2,1,1,Unchanged,Intact,0,Wild type,Wild type,2,1,1,Unchanged,Intact,0,Wild type,Wild type,2,1,1,Unchanged,Intact,0,Wild type,Wild type,2,1,1,Unchanged,Intact,0,Wild type,Wild type,2,1,1,Unchanged,Intact
DM23,dMMR,Yes,2,p.P1115Qfs*46;p.D1850Tfs*33,frameshift deletion;frameshift deletion,2,1,1,Unchanged,Biallelic loss,2,p.Q613Rfs*42;p.P722Hfs*10,frameshift deletion;frameshift deletion,2,1,1,Unchanged,Biallelic loss,0,Wild type,Wild type,2,1,1,Unchanged,Intact,0,Wild type,Wild type,2,1,1,Unchanged,Intact,0,Wild type,Wild type,2,1,1,Unchanged,Intact,0,Wild type,Wild type,2,1,1,Unchanged,Intact,0,Wild type,Wild type,2,1,1,Unchanged,Intact,0,Wild type,Wild type,2,1,1,Unchanged,Intact,0,Wild type,Wild type,2,1,1,Unchanged,Intact,0,Wild type,Wild type,2,2,0,LOH,Intact,0,Wild type,Wild type,2,1,1,Unchanged,Intact,0,Wild type,Wild type,2,1,1,Unchanged,Intact,0,Wild type,Wild type,2,1,1,Unchanged,Intact,0,Wild type,Wild type,2,1,1,Unchanged,Intact
DM37,dMMR,Yes,2,p.Q372Sfs*19;p.Y2254X,frameshift deletion;stopgain,2,1,1,Unchanged,Biallelic loss,1,NA,splicing,2,2,0,LOH,Biallelic loss,0,Wild type,Wild type,2,1,1,Unchanged,Intact,0,Wild type,Wild type,2,1,1,Unchanged,Intact,0,Wild type,Wild type,2,1,1,Unchanged,Intact,0,Wild type,Wild type,2,1,1,Unchanged,Intact,0,Wild type,Wild type,2,1,1,Unchanged,Intact,0,Wild type,Wild type,2,1,1,Unchanged,Intact,0,Wild type,Wild type,2,1,1,Unchanged,Intact,0,Wild type,Wild type,2,1,1,Unchanged,Intact,0,Wild type,Wild type,2,1,1,Unchanged,Intact,0,Wild type,Wild type,2,1,1,Unchanged,Intact,0,Wild type,Wild type,2,2,0,LOH,Intact,0,Wild type,Wild type,2,1,1,Unchanged,Intact
DM20,dMMR,Yes,2,p.P1326Rfs*155;p.D1850Tfs*33,frameshift deletion;frameshift deletion,2,1,1,Unchanged,Biallelic loss,1,p.P1476Lfs*5,frameshift deletion,2,1,1,Unchanged,Uniallelic loss,0,Wild type,Wild type,2,1,1,Unchanged,Intact,1,p.Q847Sfs*11,frameshift deletion,2,1,1,Unchanged,Uniallelic loss,0,Wild type,Wild type,2,1,1,Unchanged,Intact,0,Wild type,Wild type,2,1,1,Unchanged,Intact,0,Wild type,Wild type,2,2,0,LOH,Intact,0,Wild type,Wild type,2,1,1,Unchanged,Intact,0,Wild type,Wild type,2,1,1,Unchanged,Intact,1,p.R493Tfs*70,frameshift deletion,2,1,1,Unchanged,Uniallelic loss,0,Wild type,Wild type,2,1,1,Unchanged,Intact,0,Wild type,Wild type,2,1,1,Unchanged,Intact,0,Wild type,Wild type,2,1,1,Unchanged,Intact,0,Wild type,Wild type,2,1,1,Unchanged,Intact
DM01,dMMR,Yes,2,p.Q546Rfs*73;p.W1670X,frameshift deletion;stopgain,2,1,1,Unchanged,Biallelic loss,0,Wild type,Wild type,2,1,1,Unchanged,Intact,0,Wild type,Wild type,2,1,1,Unchanged,Intact,2,p.Q941X;p.E1636X,stopgain;stopgain,2,1,1,Unchanged,Biallelic loss,0,Wild type,Wild type,2,1,1,Unchanged,Intact,0,Wild type,Wild type,2,1,1,Unchanged,Intact,0,Wild type,Wild type,2,1,1,Unchanged,Intact,0,Wild type,Wild type,2,1,1,Unchanged,Intact,0,Wild type,Wild type,2,1,1,Unchanged,Intact,0,Wild type,Wild type,2,1,1,Unchanged,Intact,0,Wild type,Wild type,2,1,1,Unchanged,Intact,0,Wild type,Wild type,2,1,1,Unchanged,Intact,0,Wild type,Wild type,2,1,1,Unchanged,Intact,0,Wild type,Wild type,2,1,1,Unchanged,Intact
DM04,dMMR,Yes,2,p.Q372Sfs*19;p.Q1327Afs*11,frameshift deletion;frameshift insertion,2,1,1,Unchanged,Biallelic loss,0,Wild type,Wild type,2,1,1,Unchanged,Intact,0,Wild type,Wild type,2,1,1,Unchanged,Intact,0,Wild type,Wild type,2,1,1,Unchanged,Intact,0,Wild type,Wild type,6,4,2,CN.gain,Intact,0,Wild type,Wild type,2,1,1,Unchanged,Intact,0,Wild type,Wild type,2,1,1,Unchanged,Intact,0,Wild type,Wild type,2,1,1,Unchanged,Intact,0,Wild type,Wild type,2,1,1,Unchanged,Intact,0,Wild type,Wild type,2,1,1,Unchanged,Intact,0,Wild type,Wild type,2,1,1,Unchanged,Intact,0,Wild type,Wild type,2,1,1,Unchanged,Intact,0,Wild type,Wild type,2,1,1,Unchanged,Intact,0,Wild type,Wild type,2,1,1,Unchanged,Intact
DM09,dMMR,Yes,2,p.S90Pfs*11;p.E1767X,frameshift deletion;stopgain,2,1,1,Unchanged,Biallelic loss,0,Wild type,Wild type,2,1,1,Unchanged,Intact,0,Wild type,Wild type,2,1,1,Unchanged,Intact,0,Wild type,Wild type,2,1,1,Unchanged,Intact,0,Wild type,Wild type,2,1,1,Unchanged,Intact,0,Wild type,Wild type,2,1,1,Unchanged,Intact,0,Wild type,Wild type,2,1,1,Unchanged,Intact,0,Wild type,Wild type,2,1,1,Unchanged,Intact,0,Wild type,Wild type,2,1,1,Unchanged,Intact,0,Wild type,Wild type,2,1,1,Unchanged,Intact,0,Wild type,Wild type,2,1,1,Unchanged,Intact,0,Wild type,Wild type,2,1,1,Unchanged,Intact,0,Wild type,Wild type,2,1,1,Unchanged,Intact,0,Wild type,Wild type,2,1,1,Unchanged,Intact
DM05,dMMR,Yes,1,p.D1850Tfs*33,frameshift deletion,2,1,1,Unchanged,Uniallelic loss,2,p.S1852*;p.V1992Wfs*16,stopgain;frameshift deletion,2,1,1,Unchanged,Biallelic loss,0,Wild type,Wild type,2,1,1,Unchanged,Intact,0,Wild type,Wild type,2,1,1,Unchanged,Intact,0,Wild type,Wild type,2,1,1,Unchanged,Intact,0,Wild type,Wild type,2,1,1,Unchanged,Intact,0,Wild type,Wild type,2,1,1,Unchanged,Intact,0,Wild type,Wild type,2,1,1,Unchanged,Intact,0,Wild type,Wild type,2,1,1,Unchanged,Intact,0,Wild type,Wild type,2,1,1,Unchanged,Intact,0,Wild type,Wild type,2,1,1,Unchanged,Intact,0,Wild type,Wild type,2,1,1,Unchanged,Intact,0,Wild type,Wild type,2,1,1,Unchanged,Intact,0,Wild type,Wild type,2,1,1,Unchanged,Intact
DM18,dMMR,Yes,1,p.E1531Afs*38,frameshift deletion,2,1,1,Unchanged,Uniallelic loss,0,Wild type,Wild type,2,1,1,Unchanged,Intact,0,Wild type,Wild type,2,1,1,Unchanged,Intact,0,Wild type,Wild type,2,1,1,Unchanged,Intact,0,Wild type,Wild type,2,1,1,Unchanged,Intact,2,p.T109Pfs*25;p.E291X,frameshift deletion;stopgain,2,1,1,Unchanged,Biallelic loss,0,Wild type,Wild type,2,1,1,Unchanged,Intact,0,Wild type,Wild type,2,1,1,Unchanged,Intact,0,Wild type,Wild type,2,1,1,Unchanged,Intact,0,Wild type,Wild type,2,1,1,Unchanged,Intact,0,Wild type,Wild type,2,1,1,Unchanged,Intact,0,Wild type,Wild type,2,1,1,Unchanged,Intact,0,Wild type,Wild type,2,1,1,Unchanged,Intact,0,Wild type,Wild type,2,1,1,Unchanged,Intact
DM06,dMMR,No,1,p.P224Rfs*8,frameshift deletion,2,1,1,Unchanged,Uniallelic loss,0,Wild type,Wild type,2,1,1,Unchanged,Intact,0,Wild type,Wild type,2,1,1,Unchanged,Intact,0,Wild type,Wild type,2,1,1,Unchanged,Intact,0,Wild type,Wild type,2,1,1,Unchanged,Intact,0,Wild type,Wild type,2,1,1,Unchanged,Intact,0,Wild type,Wild type,2,1,1,Unchanged,Intact,1,p.P1043Lfs*18,frameshift deletion,2,1,1,Unchanged,Uniallelic loss,0,Wild type,Wild type,2,1,1,Unchanged,Intact,0,Wild type,Wild type,2,1,1,Unchanged,Intact,0,Wild type,Wild type,2,1,1,Unchanged,Intact,0,Wild type,Wild type,2,1,1,Unchanged,Intact,0,Wild type,Wild type,4,2,2,Unchanged,Intact,0,Wild type,Wild type,2,1,1,Unchanged,Intact
DM21,dMMR,Yes,0,Wild type,Wild type,2,1,1,Unchanged,Intact,1,p.Q1807X,stopgain,2,2,0,LOH,Biallelic loss,0,Wild type,Wild type,2,1,1,Unchanged,Intact,0,Wild type,Wild type,2,1,1,Unchanged,Intact,0,Wild type,Wild type,2,1,1,Unchanged,Intact,0,Wild type,Wild type,2,1,1,Unchanged,Intact,0,Wild type,Wild type,2,1,1,Unchanged,Intact,0,Wild type,Wild type,2,1,1,Unchanged,Intact,0,Wild type,Wild type,2,1,1,Unchanged,Intact,0,Wild type,Wild type,2,1,1,Unchanged,Intact,0,Wild type,Wild type,2,1,1,Unchanged,Intact,0,Wild type,Wild type,2,1,1,Unchanged,Intact,0,Wild type,Wild type,2,1,1,Unchanged,Intact,0,Wild type,Wild type,2,1,1,Unchanged,Intact
DM03,dMMR,Yes,0,Wild type,Wild type,2,1,1,Unchanged,Intact,0,Wild type,Wild type,2,1,1,Unchanged,Intact,0,Wild type,Wild type,2,1,1,Unchanged,Intact,2,p.G271Rfs*16;p.L1161Sfs*3,frameshift insertion;frameshift deletion,2,1,1,Unchanged,Biallelic loss,0,Wild type,Wild type,2,1,1,Unchanged,Intact,0,Wild type,Wild type,2,1,1,Unchanged,Intact,0,Wild type,Wild type,2,1,1,Unchanged,Intact,0,Wild type,Wild type,2,1,1,Unchanged,Intact,0,Wild type,Wild type,2,1,1,Unchanged,Intact,0,Wild type,Wild type,2,1,1,Unchanged,Intact,0,Wild type,Wild type,2,1,1,Unchanged,Intact,0,Wild type,Wild type,2,1,1,Unchanged,Intact,0,Wild type,Wild type,2,1,1,Unchanged,Intact,0,Wild type,Wild type,2,1,1,Unchanged,Intact
DM36,dMMR,No,0,Wild type,Wild type,4,2,2,Unchanged,Intact,0,Wild type,Wild type,4,2,2,Unchanged,Intact,0,Wild type,Wild type,5,3,2,CN.gain,Intact,1,p.I355Sfs*56,frameshift deletion,4,2,2,Unchanged,Uniallelic loss,0,Wild type,Wild type,6,4,2,CN.gain,Intact,0,Wild type,Wild type,4,2,2,Unchanged,Intact,0,Wild type,Wild type,4,2,2,Unchanged,Intact,0,Wild type,Wild type,5,3,2,CN.gain,Intact,0,Wild type,Wild type,5,3,2,CN.gain,Intact,0,Wild type,Wild type,5,3,2,CN.gain,Intact,0,Wild type,Wild type,5,3,2,CN.gain,Intact,0,Wild type,Wild type,4,2,2,Unchanged,Intact,0,Wild type,Wild type,4,2,2,Unchanged,Intact,0,Wild type,Wild type,5,3,2,CN.gain,Intact
DM12,low TMB,Yes,1,p.V899Cfs*37,frameshift insertion,2,2,0,LOH,Biallelic loss,1,p.K1843Rfs*19,frameshift deletion,2,2,0,LOH,Biallelic loss,0,Wild type,Wild type,2,1,1,Unchanged,Intact,0,Wild type,Wild type,2,1,1,Unchanged,Intact,0,Wild type,Wild type,2,1,1,Unchanged,Intact,0,Wild type,Wild type,2,1,1,Unchanged,Intact,0,Wild type,Wild type,2,1,1,Unchanged,Intact,0,Wild type,Wild type,2,1,1,Unchanged,Intact,0,Wild type,Wild type,2,1,1,Unchanged,Intact,0,Wild type,Wild type,2,1,1,Unchanged,Intact,0,Wild type,Wild type,2,1,1,Unchanged,Intact,0,Wild type,Wild type,2,1,1,Unchanged,Intact,0,Wild type,Wild type,2,1,1,Unchanged,Intact,0,Wild type,Wild type,2,1,1,Unchanged,Intact
DM35,low TMB,Yes,1,p.Q548Rfs*79,frameshift insertion,3,2,1,Unchanged,Uniallelic loss,1,p.P1833Hfs*5,frameshift deletion,2,2,0,LOH,Biallelic loss,0,Wild type,Wild type,2,1,1,Unchanged,Intact,0,Wild type,Wild type,2,1,1,Unchanged,Intact,0,Wild type,Wild type,2,1,1,Unchanged,Intact,0,Wild type,Wild type,2,1,1,Unchanged,Intact,0,Wild type,Wild type,2,1,1,Unchanged,Intact,0,Wild type,Wild type,2,1,1,Unchanged,Intact,0,Wild type,Wild type,2,1,1,Unchanged,Intact,0,Wild type,Wild type,2,1,1,Unchanged,Intact,0,Wild type,Wild type,5,4,1,CN.gain,Intact,0,Wild type,Wild type,2,1,1,Unchanged,Intact,0,Wild type,Wild type,2,1,1,Unchanged,Intact,0,Wild type,Wild type,5,4,1,CN.gain,Intact
CA1033T,low TMB,No,1,p.Q581X,stopgain,4,2,2,Unchanged,Uniallelic loss,0,Wild type,Wild type,4,2,2,Unchanged,Intact,0,Wild type,Wild type,5,5,0,LOH,Intact,0,Wild type,Wild type,4,2,2,Unchanged,Intact,0,Wild type,Wild type,4,2,2,Unchanged,Intact,0,Wild type,Wild type,4,2,2,Unchanged,Intact,0,Wild type,Wild type,4,2,2,Unchanged,Intact,0,Wild type,Wild type,5,5,0,LOH,Intact,0,Wild type,Wild type,5,5,0,LOH,Intact,0,Wild type,Wild type,4,2,2,Unchanged,Intact,0,Wild type,Wild type,6,4,2,CN.gain,Intact,0,Wild type,Wild type,4,2,2,Unchanged,Intact,0,Wild type,Wild type,4,2,2,Unchanged,Intact,0,Wild type,Wild type,6,4,2,CN.gain,Intact
DM14,low TMB,No,1,p.K1201X,stopgain,3,2,1,Unchanged,Uniallelic loss,0,Wild type,Wild type,2,1,1,Unchanged,Intact,0,Wild type,Wild type,3,2,1,Unchanged,Intact,0,Wild type,Wild type,6,5,1,CN.gain,Intact,0,Wild type,Wild type,2,2,0,LOH,Intact,0,Wild type,Wild type,2,1,1,Unchanged,Intact,0,Wild type,Wild type,2,1,1,Unchanged,Intact,0,Wild type,Wild type,2,1,1,Unchanged,Intact,0,Wild type,Wild type,3,2,1,Unchanged,Intact,0,Wild type,Wild type,4,2,2,Unchanged,Intact,0,Wild type,Wild type,2,2,0,LOH,Intact,0,Wild type,Wild type,4,3,1,Unchanged,Intact,0,Wild type,Wild type,4,3,1,Unchanged,Intact,0,Wild type,Wild type,3,2,1,Unchanged,Intact
DM13,low TMB,Yes,0,Wild type,Wild type,2,1,1,Unchanged,Intact,0,Wild type,Wild type,2,1,1,Unchanged,Intact,0,Wild type,Wild type,2,1,1,Unchanged,Intact,1,p.P88Afs*5,frameshift deletion,1,1,0,CN.loss,Biallelic loss,0,Wild type,Wild type,1,1,0,CN.loss,Uniallelic loss,0,Wild type,Wild type,2,1,1,Unchanged,Intact,0,Wild type,Wild type,1,1,0,CN.loss,Uniallelic loss,0,Wild type,Wild type,2,1,1,Unchanged,Intact,0,Wild type,Wild type,2,1,1,Unchanged,Intact,0,Wild type,Wild type,2,1,1,Unchanged,Intact,0,Wild type,Wild type,2,1,1,Unchanged,Intact,0,Wild type,Wild type,1,1,0,CN.loss,Uniallelic loss,0,Wild type,Wild type,2,1,1,Unchanged,Intact,0,Wild type,Wild type,2,1,1,Unchanged,Intact
DM16,low TMB,No,0,Wild type,Wild type,2,1,1,Unchanged,Intact,0,Wild type,Wild type,2,1,1,Unchanged,Intact,0,Wild type,Wild type,2,1,1,Unchanged,Intact,1,NA,splicing,2,1,1,Unchanged,Uniallelic loss,0,Wild type,Wild type,2,1,1,Unchanged,Intact,0,Wild type,Wild type,2,1,1,Unchanged,Intact,0,Wild type,Wild type,2,1,1,Unchanged,Intact,0,Wild type,Wild type,2,1,1,Unchanged,Intact,0,Wild type,Wild type,2,1,1,Unchanged,Intact,0,Wild type,Wild type,2,1,1,Unchanged,Intact,0,Wild type,Wild type,3,2,1,Unchanged,Intact,0,Wild type,Wild type,2,1,1,Unchanged,Intact,0,Wild type,Wild type,2,1,1,Unchanged,Intact,0,Wild type,Wild type,3,2,1,Unchanged,Intact
DM11,low TMB,No,0,Wild type,Wild type,2,2,0,LOH,Intact,0,Wild type,Wild type,3,2,1,Unchanged,Intact,0,Wild type,Wild type,3,2,1,Unchanged,Intact,0,Wild type,Wild type,4,2,2,Unchanged,Intact,0,Wild type,Wild type,2,2,0,LOH,Intact,0,Wild type,Wild type,3,2,1,Unchanged,Intact,0,Wild type,Wild type,3,2,1,Unchanged,Intact,0,Wild type,Wild type,3,2,1,Unchanged,Intact,0,Wild type,Wild type,3,2,1,Unchanged,Intact,0,Wild type,Wild type,3,2,1,Unchanged,Intact,0,Wild type,Wild type,4,2,2,Unchanged,Intact,0,Wild type,Wild type,3,2,1,Unchanged,Intact,0,Wild type,Wild type,3,2,1,Unchanged,Intact,0,Wild type,Wild type,4,2,2,Unchanged,Intact
DM17,low TMB,No,0,Wild type,Wild type,2,2,0,LOH,Intact,0,Wild type,Wild type,2,2,0,LOH,Intact,0,Wild type,Wild type,2,1,1,Unchanged,Intact,0,Wild type,Wild type,2,1,1,Unchanged,Intact,0,Wild type,Wild type,2,1,1,Unchanged,Intact,0,Wild type,Wild type,2,1,1,Unchanged,Intact,0,Wild type,Wild type,2,1,1,Unchanged,Intact,0,Wild type,Wild type,2,1,1,Unchanged,Intact,0,Wild type,Wild type,2,1,1,Unchanged,Intact,0,Wild type,Wild type,2,1,1,Unchanged,Intact,0,Wild type,Wild type,2,1,1,Unchanged,Intact,0,Wild type,Wild type,2,1,1,Unchanged,Intact,0,Wild type,Wild type,2,1,1,Unchanged,Intact,0,Wild type,Wild type,2,1,1,Unchanged,Intact
DM27,low TMB,No,0,Wild type,Wild type,2,1,1,Unchanged,Intact,0,Wild type,Wild type,2,1,1,Unchanged,Intact,0,Wild type,Wild type,2,1,1,Unchanged,Intact,0,Wild type,Wild type,2,1,1,Unchanged,Intact,0,Wild type,Wild type,2,1,1,Unchanged,Intact,0,Wild type,Wild type,2,1,1,Unchanged,Intact,0,Wild type,Wild type,2,1,1,Unchanged,Intact,0,Wild type,Wild type,2,1,1,Unchanged,Intact,0,Wild type,Wild type,2,1,1,Unchanged,Intact,0,Wild type,Wild type,2,1,1,Unchanged,Intact,0,Wild type,Wild type,2,1,1,Unchanged,Intact,0,Wild type,Wild type,2,1,1,Unchanged,Intact,0,Wild type,Wild type,2,1,1,Unchanged,Intact,0,Wild type,Wild type,2,1,1,Unchanged,Intact
DM38,low TMB,No,0,Wild type,Wild type,2,2,0,LOH,Intact,0,Wild type,Wild type,2,2,0,LOH,Intact,0,Wild type,Wild type,4,2,2,Unchanged,Intact,0,Wild type,Wild type,4,2,2,Unchanged,Intact,0,Wild type,Wild type,2,2,0,LOH,Intact,0,Wild type,Wild type,2,2,0,LOH,Intact,0,Wild type,Wild type,2,2,0,LOH,Intact,0,Wild type,Wild type,4,2,2,Unchanged,Intact,0,Wild type,Wild type,4,2,2,Unchanged,Intact,0,Wild type,Wild type,2,2,0,LOH,Intact,0,Wild type,Wild type,4,2,2,Unchanged,Intact,0,Wild type,Wild type,2,2,0,LOH,Intact,0,Wild type,Wild type,6,4,2,CN.gain,Intact,0,Wild type,Wild type,4,2,2,Unchanged,Intact
